"0","197","1552"
"1","215","82"
"2","132","1977"
"3","261","995"
"4","207","1880"
"5","155","1982"
"6","244","733"
"7","298","1826"
"8","111","1033"
"9","71","577"
"10","71","1547"
"11","48","1266"
"12","128","1863"
"13","272","1444"
"14","75","635"
"15","50","1494"
"16","37","1840"
"17","169","966"
"18","286","206"
"19","181","889"
"20","161","1251"
"21","104","1979"
"22","282","976"
"23","226","1772"
"24","266","533"
"25","31","1648"
"26","280","1875"
"27","7","191"
"28","204","1454"
"29","0","1253"
"30","252","1695"
"31","170","499"
"32","166","1441"
"33","32","391"
"34","290","454"
"35","122","1645"
"36","72","1644"
"37","278","917"
"38","46","164"
"39","163","1792"
"40","260","1910"
"41","250","223"
"42","154","1128"
"43","149","1447"
"44","63","1121"
"45","170","1668"
"46","276","416"
"47","280","1203"
"48","147","911"
"49","46","1221"
"50","197","649"
"51","294","495"
"52","148","376"
"53","96","1682"
"54","95","67"
"55","133","975"
"56","35","183"
"57","66","1795"
"58","76","1891"
"59","19","1725"
"60","41","1839"
"61","276","1399"
"62","200","1715"
"63","268","564"
"64","267","1662"
"65","120","1739"
"66","110","1833"
"67","214","1187"
"68","140","922"
"69","252","1352"
"70","182","168"
"71","166","1254"
"72","59","996"
"73","300","1290"
"74","171","1730"
"75","97","497"
"76","8","1498"
"77","138","239"
"78","112","761"
"79","87","681"
"80","218","1670"
"81","31","206"
"82","74","1751"
"83","112","92"
"84","293","1298"
"85","273","1233"
"86","37","54"
"87","63","1300"
"88","96","1241"
"89","294","245"
"90","200","187"
"91","189","1707"
"92","59","74"
"93","11","398"
"94","94","1470"
"95","63","981"
"96","107","1489"
"97","31","1918"
"98","11","1114"
"99","217","1270"
"100","51","1711"
"101","133","143"
"102","113","147"
"103","154","717"
"104","223","369"
"105","31","1031"
"106","239","80"
"107","51","1432"
"108","200","408"
"109","133","734"
"110","240","1716"
"111","291","346"
"112","104","1979"
"113","29","1615"
"114","81","1731"
"115","82","701"
"116","271","513"
"117","60","1222"
"118","226","1363"
"119","89","27"
"120","241","1395"
"121","209","1843"
"122","291","1791"
"123","260","1879"
"124","159","1329"
"125","182","795"
"126","128","314"
"127","287","1414"
"128","6","937"
"129","40","687"
"130","23","1114"
"131","143","276"
"132","122","1560"
"133","246","721"
"134","147","1379"
"135","183","1208"
"136","67","1465"
"137","158","794"
"138","212","1697"
"139","41","3"
"140","98","1430"
"141","171","327"
"142","122","456"
"143","229","775"
"144","290","1791"
"145","212","64"
"146","205","1785"
"147","290","856"
"148","23","339"
"149","228","130"
"150","132","1436"
"151","80","914"
"152","270","1812"
"153","249","1859"
"154","287","1236"
"155","0","1810"
"156","19","1012"
"157","166","639"
"158","239","102"
"159","212","385"
"160","280","1972"
"161","42","1715"
"162","66","30"
"163","205","1944"
"164","213","647"
"165","1","437"
"166","7","1469"
"167","1","1684"
"168","270","1253"
"169","50","390"
"170","60","1245"
"171","101","1789"
"172","154","573"
"173","93","205"
"174","243","1748"
"175","203","1285"
"176","41","44"
"177","140","1871"
"178","231","1638"
"179","59","1764"
"180","131","273"
"181","266","1673"
"182","177","235"
"183","79","570"
"184","9","86"
"185","20","421"
"186","132","1143"
"187","161","1938"
"188","187","1921"
"189","290","1863"
"190","21","1733"
"191","253","1458"
"192","234","1311"
"193","222","762"
"194","275","365"
"195","106","769"
"196","300","596"
"197","4","283"
"198","77","555"
"199","170","691"
"200","188","1471"
"201","47","692"
"202","18","84"
"203","138","335"
"204","76","1194"
"205","148","739"
"206","202","1123"
"207","66","600"
"208","58","979"
"209","122","1912"
"210","24","630"
"211","91","1755"
"212","267","1492"
"213","36","619"
"214","206","1711"
"215","168","612"
"216","212","222"
"217","50","1148"
"218","246","970"
"219","172","1722"
"220","175","254"
"221","245","237"
"222","254","873"
"223","19","618"
"224","171","1504"
"225","79","1883"
"226","85","1283"
"227","289","769"
"228","44","134"
"229","43","405"
"230","113","125"
"231","197","16"
"232","50","806"
"233","284","1062"
"234","148","918"
"235","250","1614"
"236","299","1463"
"237","111","866"
"238","42","754"
"239","112","534"
"240","299","1591"
"241","85","883"
"242","98","734"
"243","58","130"
"244","14","1849"
"245","269","924"
"246","103","243"
"247","254","815"
"248","131","424"
"249","21","1941"
"250","110","1276"
"251","74","214"
"252","101","938"
"253","193","740"
"254","279","1693"
"255","77","214"
"256","249","303"
"257","288","831"
"258","216","1797"
"259","266","1014"
"260","165","1707"
"261","255","1021"
"262","103","1111"
"263","112","19"
"264","174","1445"
"265","162","1675"
"266","164","72"
"267","268","303"
"268","131","1234"
"269","79","1725"
"270","194","1193"
"271","150","1470"
"272","240","135"
"273","43","1057"
"274","20","135"
"275","115","267"
"276","20","615"
"277","7","1554"
"278","229","677"
"279","82","1639"
"280","76","1779"
"281","235","1983"
"282","190","1034"
"283","195","1845"
"284","271","1028"
"285","17","1175"
"286","46","1389"
"287","265","1552"
"288","39","1529"
"289","218","1855"
"290","105","593"
"291","274","1845"
"292","213","1691"
"293","246","1731"
"294","198","1244"
"295","300","478"
"296","10","1345"
"297","0","1517"
"298","93","619"
"299","259","1167"
"300","130","681"
"301","33","1010"
"302","134","1931"
"303","155","1582"
"304","208","786"
"305","196","127"
"306","83","1312"
"307","65","489"
"308","146","1493"
"309","171","113"
"310","18","985"
"311","213","288"
"312","251","1822"
"313","41","1379"
"314","77","1659"
"315","180","842"
"316","18","1252"
"317","238","791"
"318","234","96"
"319","51","964"
"320","77","41"
"321","16","1225"
"322","67","1290"
"323","165","215"
"324","281","1329"
"325","177","399"
"326","196","1604"
"327","251","227"
"328","30","1249"
"329","239","1258"
"330","172","1332"
"331","63","1985"
"332","151","1614"
"333","65","1962"
"334","198","1637"
"335","150","1877"
"336","62","1062"
"337","96","78"
"338","200","910"
"339","190","1549"
"340","97","932"
"341","182","1617"
"342","38","1958"
"343","22","1847"
"344","20","995"
"345","130","1845"
"346","13","1934"
"347","266","1365"
"348","291","1171"
"349","110","470"
"350","47","1589"
"351","257","1430"
"352","268","860"
"353","259","625"
"354","58","298"
"355","218","1826"
"356","289","864"
"357","43","1916"
"358","53","851"
"359","32","203"
"360","212","1584"
"361","79","1503"
"362","15","1620"
"363","228","882"
"364","213","61"
"365","254","1882"
"366","166","1479"
"367","129","160"
"368","180","144"
"369","62","735"
"370","15","707"
"371","178","364"
"372","5","1700"
"373","118","1677"
"374","187","144"
"375","73","425"
"376","1","419"
"377","63","1531"
"378","3","600"
"379","188","1412"
"380","12","1910"
"381","119","1759"
"382","72","382"
"383","232","230"
"384","244","705"
"385","132","266"
"386","14","1979"
"387","106","741"
"388","171","969"
"389","149","606"
"390","283","1302"
"391","167","376"
"392","41","210"
"393","273","1189"
"394","157","320"
"395","192","1838"
"396","75","1936"
"397","64","1647"
"398","114","646"
"399","260","497"
"400","121","1545"
"401","94","596"
"402","190","859"
"403","23","1763"
"404","67","1231"
"405","10","806"
"406","39","1438"
"407","37","270"
"408","215","613"
"409","281","853"
"410","72","1210"
"411","216","610"
"412","181","173"
"413","127","910"
"414","189","1304"
"415","270","118"
"416","192","836"
"417","4","854"
"418","164","903"
"419","104","761"
"420","150","1950"
"421","241","186"
"422","94","1631"
"423","55","567"
"424","57","1143"
"425","78","1629"
"426","228","1901"
"427","204","379"
"428","215","884"
"429","89","507"
"430","232","697"
"431","267","291"
"432","181","947"
"433","44","989"
"434","104","603"
"435","0","1700"
"436","229","1267"
"437","236","15"
"438","111","611"
"439","58","1574"
"440","154","1116"
"441","79","868"
"442","241","189"
"443","254","1556"
"444","118","1113"
"445","207","573"
"446","11","247"
"447","138","1809"
"448","20","0"
"449","131","815"
"450","269","1823"
"451","297","1454"
"452","202","910"
"453","52","1528"
"454","129","724"
"455","145","1784"
"456","100","1219"
"457","43","72"
"458","36","1622"
"459","134","625"
"460","273","696"
"461","60","1085"
"462","127","1824"
"463","83","139"
"464","212","1763"
"465","148","579"
"466","266","275"
"467","293","1071"
"468","107","1088"
"469","53","841"
"470","278","826"
"471","142","598"
"472","226","761"
"473","290","1287"
"474","70","321"
"475","63","1427"
"476","61","781"
"477","205","1210"
"478","239","285"
"479","286","1368"
"480","153","725"
"481","242","1520"
"482","212","446"
"483","244","1001"
"484","256","651"
"485","252","1335"
"486","30","909"
"487","153","292"
"488","253","107"
"489","110","52"
"490","181","965"
"491","200","1819"
"492","5","1733"
"493","269","136"
"494","41","1405"
"495","202","13"
"496","184","84"
"497","59","1271"
"498","1","553"
"499","149","1489"
"500","116","288"
"501","293","589"
"502","97","215"
"503","222","943"
"504","169","786"
"505","86","677"
"506","215","1327"
"507","222","303"
"508","229","1911"
"509","75","1073"
"510","161","264"
"511","106","1864"
"512","95","909"
"513","178","1616"
"514","199","875"
"515","251","797"
"516","112","1629"
"517","100","899"
"518","104","1201"
"519","25","1855"
"520","198","68"
"521","119","1296"
"522","43","1783"
"523","95","744"
"524","29","1521"
"525","88","477"
"526","152","1254"
"527","44","1443"
"528","262","1539"
"529","145","1579"
"530","180","842"
"531","234","110"
"532","264","1363"
"533","280","1904"
"534","220","1189"
"535","232","1003"
"536","130","1442"
"537","243","441"
"538","172","544"
"539","21","89"
"540","26","333"
"541","179","7"
"542","148","1340"
"543","3","287"
"544","32","1611"
"545","219","1393"
"546","113","1987"
"547","203","1142"
"548","113","929"
"549","98","695"
"550","52","1241"
"551","43","1627"
"552","163","661"
"553","274","933"
"554","166","523"
"555","14","1069"
"556","22","389"
"557","188","164"
"558","107","1781"
"559","268","708"
"560","96","1714"
"561","103","514"
"562","154","639"
"563","264","1761"
"564","196","521"
"565","246","704"
"566","122","91"
"567","156","1913"
"568","282","148"
"569","4","943"
"570","253","1483"
"571","224","97"
"572","211","1010"
"573","235","901"
"574","60","175"
"575","41","493"
"576","50","1692"
"577","78","847"
"578","109","902"
"579","39","1675"
"580","218","1144"
"581","201","80"
"582","92","511"
"583","250","450"
"584","65","1721"
"585","142","1913"
"586","180","654"
"587","222","219"
"588","285","1842"
"589","146","1249"
"590","277","1615"
"591","103","1456"
"592","151","1592"
"593","226","1052"
"594","236","1098"
"595","133","558"
"596","118","33"
"597","60","1259"
"598","50","353"
"599","212","509"
"600","111","582"
"601","3","1519"
"602","274","1055"
"603","219","1759"
"604","25","249"
"605","196","1321"
"606","139","242"
"607","289","735"
"608","117","1382"
"609","279","1352"
"610","144","453"
"611","122","132"
"612","265","629"
"613","167","478"
"614","191","1287"
"615","245","587"
"616","298","350"
"617","70","1658"
"618","7","1132"
"619","258","671"
"620","187","1198"
"621","12","1662"
"622","66","1795"
"623","202","317"
"624","90","1045"
"625","39","277"
"626","105","1600"
"627","254","1166"
"628","109","481"
"629","67","1671"
"630","119","1556"
"631","196","723"
"632","67","1288"
"633","255","1844"
"634","55","1261"
"635","13","1078"
"636","183","1001"
"637","233","632"
"638","6","1963"
"639","112","1137"
"640","83","1353"
"641","253","1657"
"642","246","1118"
"643","160","1442"
"644","40","530"
"645","70","1237"
"646","205","1440"
"647","97","1682"
"648","162","1608"
"649","149","786"
"650","30","427"
"651","19","645"
"652","127","702"
"653","225","1368"
"654","115","532"
"655","176","1375"
"656","83","624"
"657","8","729"
"658","293","1104"
"659","29","1499"
"660","77","723"
"661","11","1005"
"662","31","50"
"663","123","92"
"664","6","462"
"665","167","136"
"666","31","706"
"667","216","278"
"668","110","919"
"669","222","290"
"670","183","638"
"671","90","1329"
"672","168","1491"
"673","209","783"
"674","4","838"
"675","135","1093"
"676","272","1647"
"677","236","1554"
"678","21","1156"
"679","62","837"
"680","199","350"
"681","1","1025"
"682","70","1273"
"683","263","1720"
"684","75","163"
"685","168","486"
"686","90","505"
"687","11","1959"
"688","86","1521"
"689","287","344"
"690","40","874"
"691","53","1270"
"692","234","1454"
"693","76","1259"
"694","20","517"
"695","174","1650"
"696","192","55"
"697","18","1016"
"698","45","733"
"699","149","1375"
"700","77","938"
"701","120","1039"
"702","182","332"
"703","207","691"
"704","138","1645"
"705","252","1934"
"706","201","30"
"707","159","1086"
"708","147","1127"
"709","240","71"
"710","272","1168"
"711","282","537"
"712","19","933"
"713","202","1477"
"714","61","826"
"715","177","1015"
"716","26","42"
"717","139","1515"
"718","17","520"
"719","297","1439"
"720","148","1405"
"721","106","1561"
"722","270","1057"
"723","174","790"
"724","128","427"
"725","59","1159"
"726","168","1648"
"727","124","1200"
"728","272","1395"
"729","180","332"
"730","78","677"
"731","4","1197"
"732","26","1156"
"733","79","1950"
"734","176","743"
"735","149","1281"
"736","150","661"
"737","253","1603"
"738","206","1230"
"739","220","348"
"740","0","1614"
"741","72","1164"
"742","22","904"
"743","64","699"
"744","4","1942"
"745","245","1863"
"746","131","1530"
"747","96","143"
"748","281","1917"
"749","217","570"
"750","89","1084"
"751","86","129"
"752","80","1187"
"753","56","1928"
"754","258","1294"
"755","278","1239"
"756","196","1545"
"757","222","544"
"758","159","583"
"759","6","877"
"760","143","1937"
"761","132","1101"
"762","269","1135"
"763","162","700"
"764","97","1445"
"765","221","1621"
"766","72","1730"
"767","3","1536"
"768","261","318"
"769","288","786"
"770","184","950"
"771","18","1150"
"772","210","1303"
"773","116","1842"
"774","8","741"
"775","270","1927"
"776","81","1393"
"777","99","1292"
"778","181","1285"
"779","254","39"
"780","127","1170"
"781","123","562"
"782","94","1935"
"783","215","159"
"784","293","917"
"785","121","1523"
"786","230","1768"
"787","260","1832"
"788","51","1961"
"789","96","336"
"790","225","1891"
"791","33","1900"
"792","218","1299"
"793","202","1925"
"794","139","517"
"795","223","1805"
"796","182","1248"
"797","167","185"
"798","157","61"
"799","252","22"
"800","128","415"
"801","203","791"
"802","223","1588"
"803","199","1427"
"804","19","1193"
"805","238","726"
"806","291","259"
"807","288","1455"
"808","142","671"
"809","12","815"
"810","242","1886"
"811","267","277"
"812","21","166"
"813","289","1771"
"814","177","739"
"815","2","142"
"816","97","1469"
"817","56","1375"
"818","276","964"
"819","22","644"
"820","12","644"
"821","201","1853"
"822","64","1566"
"823","140","832"
"824","72","1219"
"825","75","827"
"826","156","1047"
"827","30","333"
"828","64","1828"
"829","68","1864"
"830","246","1444"
"831","23","1494"
"832","266","89"
"833","284","1415"
"834","198","1944"
"835","92","705"
"836","299","1665"
"837","42","165"
"838","286","357"
"839","135","412"
"840","133","671"
"841","129","1602"
"842","132","1059"
"843","233","1863"
"844","79","1549"
"845","229","1131"
"846","78","79"
"847","299","362"
"848","262","69"
"849","161","1674"
"850","36","395"
"851","233","1251"
"852","122","1663"
"853","234","1069"
"854","81","1453"
"855","170","1869"
"856","69","975"
"857","284","117"
"858","278","168"
"859","265","703"
"860","1","1664"
"861","40","212"
"862","218","1244"
"863","180","1167"
"864","231","687"
"865","193","1049"
"866","185","1723"
"867","60","278"
"868","162","1895"
"869","11","373"
"870","64","39"
"871","172","1814"
"872","98","90"
"873","211","1321"
"874","31","1431"
"875","159","1631"
"876","199","1867"
"877","26","1229"
"878","86","732"
"879","39","836"
"880","27","902"
"881","181","1237"
"882","130","1376"
"883","158","1152"
"884","232","844"
"885","92","62"
"886","232","1643"
"887","135","390"
"888","198","131"
"889","183","197"
"890","63","53"
"891","179","43"
"892","90","826"
"893","6","661"
"894","233","1619"
"895","283","1527"
"896","253","975"
"897","41","1757"
"898","26","1096"
"899","205","1619"
"900","134","56"
"901","264","196"
"902","41","683"
"903","183","1956"
"904","50","965"
"905","16","315"
"906","264","1281"
"907","146","1965"
"908","18","1"
"909","192","691"
"910","80","1934"
"911","280","1425"
"912","75","328"
"913","89","1596"
"914","81","1310"
"915","124","1931"
"916","168","1936"
"917","12","989"
"918","203","90"
"919","115","492"
"920","144","672"
"921","87","1978"
"922","121","721"
"923","115","335"
"924","215","948"
"925","186","1795"
"926","289","282"
"927","197","1156"
"928","6","332"
"929","298","11"
"930","199","1471"
"931","88","304"
"932","9","51"
"933","165","1044"
"934","1","78"
"935","24","1591"
"936","57","1173"
"937","75","1594"
"938","78","1379"
"939","194","1613"
"940","13","857"
"941","223","1163"
"942","170","1456"
"943","126","1889"
"944","70","745"
"945","261","443"
"946","273","819"
"947","37","265"
"948","208","1159"
"949","179","1978"
"950","49","883"
"951","223","503"
"952","241","781"
"953","115","1876"
"954","202","491"
"955","246","813"
"956","297","141"
"957","129","564"
"958","269","761"
"959","277","44"
"960","242","1795"
"961","121","565"
"962","20","1251"
"963","164","1776"
"964","200","1974"
"965","54","1094"
"966","24","295"
"967","200","54"
"968","215","1497"
"969","201","886"
"970","53","1460"
"971","235","1237"
"972","236","330"
"973","86","697"
"974","242","841"
"975","81","1208"
"976","145","1560"
"977","257","230"
"978","188","707"
"979","73","1287"
"980","183","1569"
"981","242","1290"
"982","265","1543"
"983","27","400"
"984","131","362"
"985","298","664"
"986","151","778"
"987","21","596"
"988","282","883"
"989","17","1397"
"990","210","551"
"991","192","1490"
"992","106","710"
"993","68","270"
"994","56","1255"
"995","182","339"
"996","15","881"
"997","295","815"
"998","237","155"
"999","39","1592"
"1000","217","1115"
"1001","283","283"
"1002","86","313"
"1003","106","336"
"1004","116","60"
"1005","268","277"
"1006","252","731"
"1007","147","1467"
"1008","171","1401"
"1009","60","1643"
"1010","209","1583"
"1011","134","1841"
"1012","81","701"
"1013","256","1983"
"1014","169","1091"
"1015","74","1868"
"1016","192","1515"
"1017","284","625"
"1018","120","1803"
"1019","193","709"
"1020","199","1942"
"1021","241","1047"
"1022","156","1975"
"1023","209","832"
"1024","50","1399"
"1025","78","302"
"1026","2","1194"
"1027","264","218"
"1028","104","1220"
"1029","262","227"
"1030","136","1410"
"1031","86","769"
"1032","43","1624"
"1033","18","21"
"1034","59","1827"
"1035","185","1673"
"1036","246","651"
"1037","55","1384"
"1038","231","755"
"1039","299","1426"
"1040","129","1365"
"1041","249","1663"
"1042","117","1889"
"1043","81","1150"
"1044","282","1694"
"1045","39","1598"
"1046","260","1885"
"1047","86","52"
"1048","85","1799"
"1049","264","837"
"1050","106","897"
"1051","207","540"
"1052","10","1203"
"1053","68","1883"
"1054","198","350"
"1055","225","1157"
"1056","27","1876"
"1057","192","1903"
"1058","44","1319"
"1059","207","685"
"1060","119","1037"
"1061","233","80"
"1062","245","1269"
"1063","52","550"
"1064","259","1004"
"1065","282","1320"
"1066","201","968"
"1067","135","370"
"1068","117","1107"
"1069","186","326"
"1070","154","1745"
"1071","73","935"
"1072","35","1971"
"1073","35","979"
"1074","201","1159"
"1075","209","1138"
"1076","47","543"
"1077","246","470"
"1078","56","607"
"1079","72","736"
"1080","48","283"
"1081","29","1685"
"1082","70","1201"
"1083","286","406"
"1084","3","67"
"1085","207","1143"
"1086","251","1462"
"1087","54","1907"
"1088","242","1145"
"1089","177","1791"
"1090","175","1787"
"1091","49","1404"
"1092","2","494"
"1093","116","1019"
"1094","159","562"
"1095","115","18"
"1096","253","726"
"1097","260","1897"
"1098","174","187"
"1099","39","624"
"1100","293","864"
"1101","115","1513"
"1102","188","1973"
"1103","195","1762"
"1104","74","474"
"1105","147","1916"
"1106","102","1520"
"1107","246","1351"
"1108","183","579"
"1109","196","1254"
"1110","66","1702"
"1111","61","821"
"1112","181","1024"
"1113","241","468"
"1114","191","1294"
"1115","183","884"
"1116","142","735"
"1117","205","1571"
"1118","144","1774"
"1119","53","982"
"1120","149","247"
"1121","228","315"
"1122","176","1910"
"1123","124","1522"
"1124","95","1903"
"1125","173","1022"
"1126","117","225"
"1127","196","1997"
"1128","199","951"
"1129","262","945"
"1130","289","1696"
"1131","112","1383"
"1132","204","1028"
"1133","159","996"
"1134","119","644"
"1135","265","1400"
"1136","0","188"
"1137","241","649"
"1138","201","1824"
"1139","116","1680"
"1140","220","99"
"1141","294","1579"
"1142","20","832"
"1143","47","539"
"1144","102","1485"
"1145","167","365"
"1146","57","370"
"1147","186","57"
"1148","119","1951"
"1149","22","16"
"1150","195","1094"
"1151","2","265"
"1152","59","1682"
"1153","102","167"
"1154","238","404"
"1155","0","1065"
"1156","212","136"
"1157","274","362"
"1158","119","464"
"1159","212","782"
"1160","243","1653"
"1161","0","892"
"1162","107","780"
"1163","21","1261"
"1164","137","58"
"1165","298","710"
"1166","188","1693"
"1167","172","1386"
"1168","232","1312"
"1169","68","1220"
"1170","264","188"
"1171","128","1935"
"1172","52","1463"
"1173","52","558"
"1174","12","1417"
"1175","72","1271"
"1176","69","776"
"1177","106","1173"
"1178","163","412"
"1179","215","1040"
"1180","256","246"
"1181","286","216"
"1182","243","255"
"1183","260","1829"
"1184","229","962"
"1185","91","931"
"1186","280","695"
"1187","65","852"
"1188","130","772"
"1189","40","1157"
"1190","258","687"
"1191","119","929"
"1192","127","718"
"1193","246","1587"
"1194","210","48"
"1195","228","1481"
"1196","3","1131"
"1197","207","1963"
"1198","228","458"
"1199","219","493"
"1200","129","977"
"1201","243","288"
"1202","116","902"
"1203","145","737"
"1204","248","1227"
"1205","76","1984"
"1206","267","1401"
"1207","44","384"
"1208","153","1910"
"1209","265","1292"
"1210","62","1937"
"1211","30","317"
"1212","175","75"
"1213","171","1781"
"1214","82","1568"
"1215","239","799"
"1216","96","842"
"1217","254","393"
"1218","85","800"
"1219","24","1611"
"1220","173","1817"
"1221","266","384"
"1222","167","375"
"1223","265","1890"
"1224","277","1459"
"1225","298","888"
"1226","77","1297"
"1227","252","1840"
"1228","292","1902"
"1229","109","1224"
"1230","225","67"
"1231","124","998"
"1232","162","1138"
"1233","100","1"
"1234","22","127"
"1235","68","497"
"1236","226","1790"
"1237","114","1353"
"1238","55","1765"
"1239","264","871"
"1240","146","1813"
"1241","173","1010"
"1242","98","334"
"1243","190","1141"
"1244","182","1469"
"1245","224","800"
"1246","224","1358"
"1247","162","1732"
"1248","239","137"
"1249","75","450"
"1250","58","1539"
"1251","79","1953"
"1252","201","1947"
"1253","237","1449"
"1254","276","430"
"1255","188","1442"
"1256","23","43"
"1257","207","424"
"1258","44","1748"
"1259","211","1199"
"1260","291","1789"
"1261","210","1107"
"1262","107","1297"
"1263","2","1967"
"1264","69","1087"
"1265","250","632"
"1266","194","1113"
"1267","275","135"
"1268","40","1238"
"1269","252","1540"
"1270","7","417"
"1271","214","1263"
"1272","184","639"
"1273","42","1525"
"1274","11","1571"
"1275","122","1257"
"1276","14","1204"
"1277","262","752"
"1278","78","953"
"1279","132","225"
"1280","228","570"
"1281","112","783"
"1282","196","1527"
"1283","259","1899"
"1284","173","467"
"1285","135","1916"
"1286","45","90"
"1287","79","646"
"1288","299","1154"
"1289","248","129"
"1290","269","981"
"1291","222","654"
"1292","197","1493"
"1293","12","238"
"1294","222","1243"
"1295","68","1559"
"1296","72","1812"
"1297","15","243"
"1298","220","507"
"1299","16","1288"
"1300","139","541"
"1301","196","236"
"1302","176","597"
"1303","191","1261"
"1304","97","1525"
"1305","277","1109"
"1306","30","693"
"1307","263","1130"
"1308","7","330"
"1309","253","1678"
"1310","11","1304"
"1311","132","679"
"1312","70","704"
"1313","50","1256"
"1314","287","855"
"1315","34","515"
"1316","292","213"
"1317","266","153"
"1318","300","262"
"1319","248","70"
"1320","266","1721"
"1321","114","711"
"1322","49","1142"
"1323","111","362"
"1324","117","817"
"1325","103","1246"
"1326","224","713"
"1327","80","551"
"1328","178","1994"
"1329","280","1745"
"1330","102","442"
"1331","238","1696"
"1332","160","263"
"1333","141","1149"
"1334","0","170"
"1335","167","631"
"1336","165","71"
"1337","43","1252"
"1338","7","598"
"1339","58","340"
"1340","140","412"
"1341","262","1135"
"1342","177","1771"
"1343","229","182"
"1344","212","1029"
"1345","272","1702"
"1346","209","251"
"1347","41","1215"
"1348","237","663"
"1349","89","607"
"1350","123","1286"
"1351","223","1379"
"1352","146","64"
"1353","11","1711"
"1354","4","1307"
"1355","137","156"
"1356","160","649"
"1357","280","1338"
"1358","147","99"
"1359","127","1739"
"1360","264","286"
"1361","132","1222"
"1362","28","1609"
"1363","198","857"
"1364","143","1192"
"1365","115","519"
"1366","160","1864"
"1367","272","1002"
"1368","229","1450"
"1369","62","867"
"1370","191","347"
"1371","266","105"
"1372","118","1446"
"1373","244","785"
"1374","15","488"
"1375","41","631"
"1376","50","1688"
"1377","93","1851"
"1378","65","1966"
"1379","224","31"
"1380","185","1076"
"1381","211","255"
"1382","269","504"
"1383","255","576"
"1384","137","827"
"1385","220","964"
"1386","29","336"
"1387","268","731"
"1388","103","510"
"1389","77","453"
"1390","154","1615"
"1391","74","381"
"1392","282","512"
"1393","278","55"
"1394","92","476"
"1395","213","1894"
"1396","80","498"
"1397","286","263"
"1398","297","1395"
"1399","86","1525"
"1400","126","1073"
"1401","153","1635"
"1402","10","1478"
"1403","235","1617"
"1404","102","127"
"1405","210","343"
"1406","195","1035"
"1407","198","435"
"1408","197","1092"
"1409","269","1010"
"1410","52","259"
"1411","44","1091"
"1412","5","1841"
"1413","41","21"
"1414","124","1527"
"1415","202","922"
"1416","141","844"
"1417","176","1355"
"1418","202","528"
"1419","39","1827"
"1420","80","1200"
"1421","124","1517"
"1422","107","1757"
"1423","23","1559"
"1424","27","1047"
"1425","34","1419"
"1426","228","509"
"1427","230","1454"
"1428","68","1228"
"1429","260","592"
"1430","6","1225"
"1431","75","719"
"1432","183","751"
"1433","152","1027"
"1434","129","273"
"1435","11","981"
"1436","102","1246"
"1437","203","695"
"1438","242","617"
"1439","225","285"
"1440","243","1676"
"1441","151","1920"
"1442","169","714"
"1443","194","810"
"1444","296","821"
"1445","256","610"
"1446","289","1727"
"1447","120","386"
"1448","220","443"
"1449","135","1053"
"1450","85","1043"
"1451","71","1654"
"1452","264","1549"
"1453","272","1592"
"1454","259","1712"
"1455","243","1878"
"1456","174","530"
"1457","221","617"
"1458","233","1856"
"1459","269","106"
"1460","99","1982"
"1461","131","939"
"1462","35","37"
"1463","103","1223"
"1464","52","1752"
"1465","131","1625"
"1466","0","1690"
"1467","110","1924"
"1468","94","1265"
"1469","88","1857"
"1470","184","1248"
"1471","137","18"
"1472","8","42"
"1473","85","1702"
"1474","158","1970"
"1475","120","804"
"1476","255","1512"
"1477","185","1757"
"1478","181","179"
"1479","298","884"
"1480","59","1432"
"1481","12","1573"
"1482","88","29"
"1483","272","558"
"1484","180","1512"
"1485","106","1782"
"1486","196","403"
"1487","163","377"
"1488","91","1016"
"1489","77","1252"
"1490","258","834"
"1491","300","1285"
"1492","116","1855"
"1493","1","110"
"1494","223","1837"
"1495","16","1323"
"1496","69","1029"
"1497","43","858"
"1498","158","679"
"1499","96","1463"
"1500","31","694"
"1501","70","647"
"1502","140","995"
"1503","246","1247"
"1504","169","552"
"1505","39","939"
"1506","81","1839"
"1507","55","1049"
"1508","132","1144"
"1509","207","1245"
"1510","229","862"
"1511","81","1244"
"1512","214","1569"
"1513","64","1405"
"1514","57","1197"
"1515","57","1717"
"1516","95","1529"
"1517","246","602"
"1518","51","1402"
"1519","217","537"
"1520","141","1607"
"1521","56","1301"
"1522","182","1042"
"1523","274","1642"
"1524","38","16"
"1525","20","1244"
"1526","7","1994"
"1527","70","1819"
"1528","62","835"
"1529","197","1605"
"1530","246","1814"
"1531","13","641"
"1532","71","174"
"1533","200","1318"
"1534","296","1534"
"1535","115","99"
"1536","107","844"
"1537","14","96"
"1538","204","271"
"1539","286","1497"
"1540","152","832"
"1541","207","1826"
"1542","279","112"
"1543","228","1798"
"1544","277","297"
"1545","287","1928"
"1546","65","1319"
"1547","106","1205"
"1548","86","1701"
"1549","45","1180"
"1550","240","589"
"1551","137","517"
"1552","108","825"
"1553","4","1771"
"1554","26","1072"
"1555","35","1794"
"1556","5","1309"
"1557","145","316"
"1558","72","1705"
"1559","259","275"
"1560","58","1952"
"1561","170","13"
"1562","165","1715"
"1563","74","676"
"1564","296","1538"
"1565","32","176"
"1566","190","424"
"1567","129","923"
"1568","169","1397"
"1569","248","963"
"1570","274","1078"
"1571","43","165"
"1572","161","898"
"1573","196","1590"
"1574","206","1110"
"1575","245","1129"
"1576","218","1062"
"1577","37","1856"
"1578","112","294"
"1579","204","1697"
"1580","261","641"
"1581","75","1800"
"1582","36","293"
"1583","79","70"
"1584","196","1320"
"1585","289","237"
"1586","34","1073"
"1587","137","1157"
"1588","154","721"
"1589","244","823"
"1590","163","1523"
"1591","238","1049"
"1592","176","475"
"1593","257","76"
"1594","196","1600"
"1595","187","700"
"1596","262","14"
"1597","127","1176"
"1598","39","973"
"1599","56","753"
"1600","222","1569"
"1601","124","1117"
"1602","12","1062"
"1603","259","228"
"1604","20","1167"
"1605","183","81"
"1606","187","368"
"1607","174","551"
"1608","248","989"
"1609","214","2"
"1610","120","1340"
"1611","244","1521"
"1612","176","1399"
"1613","82","1888"
"1614","22","1558"
"1615","245","1077"
"1616","84","1706"
"1617","197","1424"
"1618","147","1402"
"1619","297","990"
"1620","109","1871"
"1621","13","1448"
"1622","232","1276"
"1623","88","1252"
"1624","226","645"
"1625","296","671"
"1626","220","1163"
"1627","73","1049"
"1628","219","801"
"1629","121","754"
"1630","195","604"
"1631","123","432"
"1632","130","1971"
"1633","123","1098"
"1634","300","1773"
"1635","190","1929"
"1636","233","487"
"1637","172","1277"
"1638","74","659"
"1639","124","294"
"1640","131","1127"
"1641","88","1098"
"1642","58","1830"
"1643","228","982"
"1644","104","1416"
"1645","92","1229"
"1646","183","1239"
"1647","127","1453"
"1648","45","1107"
"1649","254","1852"
"1650","107","601"
"1651","199","559"
"1652","262","413"
"1653","181","1728"
"1654","208","645"
"1655","10","88"
"1656","98","1959"
"1657","100","1236"
"1658","83","1734"
"1659","285","938"
"1660","41","513"
"1661","256","589"
"1662","249","859"
"1663","160","1737"
"1664","197","111"
"1665","58","1827"
"1666","30","685"
"1667","81","1562"
"1668","136","1259"
"1669","286","897"
"1670","158","1122"
"1671","212","1746"
"1672","246","767"
"1673","112","1937"
"1674","45","1487"
"1675","41","1994"
"1676","46","1036"
"1677","8","1750"
"1678","298","1050"
"1679","169","1957"
"1680","49","1845"
"1681","288","481"
"1682","10","84"
"1683","48","1686"
"1684","159","187"
"1685","200","1453"
"1686","65","1581"
"1687","294","1929"
"1688","271","1962"
"1689","101","568"
"1690","151","325"
"1691","94","1209"
"1692","115","280"
"1693","66","1793"
"1694","116","528"
"1695","253","1614"
"1696","155","297"
"1697","138","418"
"1698","40","279"
"1699","208","1994"
"1700","93","407"
"1701","8","719"
"1702","275","1348"
"1703","245","1388"
"1704","64","1546"
"1705","138","167"
"1706","142","1621"
"1707","112","8"
"1708","73","1687"
"1709","106","1516"
"1710","295","1383"
"1711","1","856"
"1712","65","297"
"1713","248","1102"
"1714","21","1030"
"1715","163","1944"
"1716","112","1371"
"1717","89","935"
"1718","162","1360"
"1719","226","473"
"1720","140","1382"
"1721","96","205"
"1722","179","1003"
"1723","139","722"
"1724","275","1205"
"1725","144","446"
"1726","146","1131"
"1727","200","134"
"1728","89","769"
"1729","58","1954"
"1730","48","1058"
"1731","70","1465"
"1732","235","295"
"1733","216","535"
"1734","274","399"
"1735","90","1513"
"1736","35","542"
"1737","225","1995"
"1738","167","770"
"1739","262","104"
"1740","176","1706"
"1741","199","1506"
"1742","196","1125"
"1743","64","1581"
"1744","277","1165"
"1745","77","1343"
"1746","17","625"
"1747","227","1057"
"1748","294","851"
"1749","107","959"
"1750","104","801"
"1751","44","199"
"1752","274","823"
"1753","62","1037"
"1754","238","1534"
"1755","85","66"
"1756","103","477"
"1757","123","194"
"1758","193","832"
"1759","35","1817"
"1760","280","435"
"1761","269","406"
"1762","111","1007"
"1763","46","392"
"1764","51","1051"
"1765","66","1236"
"1766","99","1126"
"1767","295","1064"
"1768","220","1230"
"1769","202","1770"
"1770","134","1377"
"1771","241","1310"
"1772","14","718"
"1773","176","1574"
"1774","105","1437"
"1775","17","1996"
"1776","101","902"
"1777","110","1060"
"1778","108","1690"
"1779","3","293"
"1780","121","929"
"1781","241","187"
"1782","141","1711"
"1783","148","803"
"1784","168","1511"
"1785","152","1796"
"1786","45","1258"
"1787","63","1692"
"1788","254","758"
"1789","45","471"
"1790","69","838"
"1791","122","1754"
"1792","9","993"
"1793","144","294"
"1794","264","1729"
"1795","189","1513"
"1796","74","237"
"1797","260","658"
"1798","163","1399"
"1799","38","736"
"1800","98","410"
"1801","151","1067"
"1802","217","1333"
"1803","193","808"
"1804","18","292"
"1805","225","157"
"1806","147","1289"
"1807","79","1078"
"1808","96","1700"
"1809","250","716"
"1810","79","1198"
"1811","76","1794"
"1812","293","879"
"1813","135","1517"
"1814","108","239"
"1815","80","285"
"1816","226","1876"
"1817","274","867"
"1818","91","1718"
"1819","19","612"
"1820","240","1173"
"1821","43","1397"
"1822","187","1325"
"1823","50","206"
"1824","253","503"
"1825","266","87"
"1826","15","1762"
"1827","44","953"
"1828","133","1509"
"1829","299","526"
"1830","287","1624"
"1831","192","332"
"1832","121","1280"
"1833","62","1390"
"1834","297","1941"
"1835","265","327"
"1836","254","1331"
"1837","124","26"
"1838","115","293"
"1839","73","1769"
"1840","79","1737"
"1841","90","139"
"1842","54","572"
"1843","48","552"
"1844","239","1182"
"1845","132","1184"
"1846","214","84"
"1847","38","289"
"1848","231","120"
"1849","177","681"
"1850","130","1305"
"1851","208","799"
"1852","11","607"
"1853","123","434"
"1854","45","1213"
"1855","73","507"
"1856","267","436"
"1857","231","654"
"1858","5","1567"
"1859","128","861"
"1860","296","1063"
"1861","280","264"
"1862","169","1465"
"1863","291","1343"
"1864","273","795"
"1865","102","610"
"1866","48","911"
"1867","138","485"
"1868","134","1849"
"1869","156","173"
"1870","188","296"
"1871","230","53"
"1872","197","1978"
"1873","229","106"
"1874","146","1045"
"1875","217","958"
"1876","291","1522"
"1877","264","398"
"1878","82","1715"
"1879","3","546"
"1880","54","1719"
"1881","197","1449"
"1882","131","405"
"1883","248","1802"
"1884","241","542"
"1885","263","827"
"1886","67","1246"
"1887","254","549"
"1888","88","1421"
"1889","7","425"
"1890","173","535"
"1891","55","1346"
"1892","15","893"
"1893","158","660"
"1894","98","676"
"1895","210","1596"
"1896","65","1970"
"1897","63","511"
"1898","183","1558"
"1899","241","904"
"1900","88","1407"
"1901","181","875"
"1902","223","839"
"1903","186","1196"
"1904","54","179"
"1905","285","1640"
"1906","231","268"
"1907","49","31"
"1908","268","1758"
"1909","197","1340"
"1910","245","486"
"1911","201","1304"
"1912","49","863"
"1913","29","1383"
"1914","151","1230"
"1915","87","617"
"1916","142","1078"
"1917","63","1142"
"1918","172","0"
"1919","73","3"
"1920","47","694"
"1921","172","926"
"1922","101","497"
"1923","191","1805"
"1924","292","944"
"1925","133","1117"
"1926","87","1920"
"1927","230","819"
"1928","7","211"
"1929","2","219"
"1930","168","1484"
"1931","106","639"
"1932","278","235"
"1933","256","1593"
"1934","154","1820"
"1935","47","209"
"1936","278","1262"
"1937","147","1516"
"1938","31","503"
"1939","56","1400"
"1940","84","910"
"1941","84","339"
"1942","238","528"
"1943","85","900"
"1944","292","55"
"1945","287","775"
"1946","8","1967"
"1947","62","205"
"1948","158","169"
"1949","195","427"
"1950","131","1481"
"1951","196","470"
"1952","237","1321"
"1953","258","1146"
"1954","188","382"
"1955","217","1310"
"1956","4","1206"
"1957","215","1987"
"1958","119","580"
"1959","177","1050"
"1960","160","968"
"1961","239","1803"
"1962","129","705"
"1963","139","1588"
"1964","83","381"
"1965","113","1843"
"1966","236","662"
"1967","11","762"
"1968","242","1273"
"1969","146","1383"
"1970","126","43"
"1971","52","940"
"1972","264","1676"
"1973","93","404"
"1974","199","1948"
"1975","169","1129"
"1976","68","67"
"1977","251","847"
"1978","239","1622"
"1979","225","753"
"1980","6","404"
"1981","290","417"
"1982","34","1004"
"1983","67","1351"
"1984","44","1472"
"1985","265","1420"
"1986","283","829"
"1987","142","425"
"1988","40","876"
"1989","11","1115"
"1990","244","1469"
"1991","175","1513"
"1992","1","404"
"1993","151","1703"
"1994","214","919"
"1995","263","1436"
"1996","145","131"
"1997","19","176"
"1998","177","776"
"1999","211","780"
"2000","118","579"
"2001","248","1990"
"2002","205","1134"
"2003","0","1285"
"2004","222","1300"
"2005","147","1379"
"2006","248","315"
"2007","204","1381"
"2008","220","1879"
"2009","202","1462"
"2010","300","1478"
"2011","154","961"
"2012","280","757"
"2013","155","857"
"2014","299","1323"
"2015","87","709"
"2016","19","869"
"2017","224","1963"
"2018","225","635"
"2019","33","1396"
"2020","116","678"
"2021","118","771"
"2022","12","1279"
"2023","173","319"
"2024","93","1683"
"2025","254","1796"
"2026","35","1588"
"2027","50","362"
"2028","16","468"
"2029","91","20"
"2030","266","1867"
"2031","223","1382"
"2032","220","367"
"2033","148","812"
"2034","225","637"
"2035","272","77"
"2036","81","980"
"2037","80","1834"
"2038","54","1353"
"2039","59","969"
"2040","144","1502"
"2041","156","618"
"2042","200","66"
"2043","300","1679"
"2044","136","679"
"2045","236","138"
"2046","30","1567"
"2047","150","450"
"2048","232","1297"
"2049","158","1122"
"2050","105","773"
"2051","34","868"
"2052","20","87"
"2053","46","755"
"2054","3","603"
"2055","158","118"
"2056","0","67"
"2057","22","319"
"2058","86","962"
"2059","41","1199"
"2060","71","41"
"2061","287","276"
"2062","52","157"
"2063","33","1244"
"2064","59","413"
"2065","51","1913"
"2066","249","886"
"2067","41","235"
"2068","242","1469"
"2069","228","1026"
"2070","86","1105"
"2071","52","283"
"2072","190","1494"
"2073","216","1047"
"2074","66","165"
"2075","259","1962"
"2076","17","1495"
"2077","283","508"
"2078","48","1493"
"2079","193","1835"
"2080","190","1082"
"2081","165","1150"
"2082","292","1119"
"2083","200","1861"
"2084","157","495"
"2085","289","1420"
"2086","46","312"
"2087","207","1740"
"2088","186","1505"
"2089","145","1929"
"2090","180","1035"
"2091","191","42"
"2092","4","2"
"2093","73","527"
"2094","107","1336"
"2095","70","381"
"2096","59","1696"
"2097","250","1504"
"2098","247","1365"
"2099","64","564"
"2100","133","1673"
"2101","71","1786"
"2102","20","352"
"2103","179","1665"
"2104","165","409"
"2105","48","1027"
"2106","253","296"
"2107","128","657"
"2108","97","1300"
"2109","59","1264"
"2110","124","722"
"2111","204","1575"
"2112","52","1960"
"2113","140","1586"
"2114","198","1141"
"2115","182","65"
"2116","169","474"
"2117","201","69"
"2118","215","1099"
"2119","138","1594"
"2120","81","1883"
"2121","134","95"
"2122","137","1480"
"2123","40","685"
"2124","213","15"
"2125","136","464"
"2126","91","518"
"2127","189","1897"
"2128","268","1298"
"2129","58","350"
"2130","254","408"
"2131","290","1249"
"2132","37","835"
"2133","146","1666"
"2134","21","528"
"2135","2","61"
"2136","81","674"
"2137","88","1822"
"2138","207","479"
"2139","298","1123"
"2140","101","1873"
"2141","16","1316"
"2142","278","1542"
"2143","97","929"
"2144","279","1348"
"2145","230","1214"
"2146","171","1973"
"2147","177","747"
"2148","59","1579"
"2149","8","857"
"2150","186","381"
"2151","245","1780"
"2152","116","1479"
"2153","197","1565"
"2154","7","1365"
"2155","96","1258"
"2156","253","846"
"2157","200","331"
"2158","78","1390"
"2159","219","780"
"2160","227","1694"
"2161","109","517"
"2162","32","1435"
"2163","81","1860"
"2164","291","4"
"2165","154","1865"
"2166","94","202"
"2167","78","512"
"2168","90","814"
"2169","131","1068"
"2170","215","656"
"2171","275","1491"
"2172","217","1004"
"2173","237","245"
"2174","128","1239"
"2175","161","526"
"2176","129","1478"
"2177","145","768"
"2178","263","47"
"2179","255","1919"
"2180","263","1940"
"2181","257","415"
"2182","216","557"
"2183","208","1479"
"2184","18","1977"
"2185","11","848"
"2186","284","175"
"2187","142","1459"
"2188","13","60"
"2189","252","1390"
"2190","199","1942"
"2191","273","716"
"2192","281","966"
"2193","268","911"
"2194","284","1523"
"2195","243","1184"
"2196","94","1651"
"2197","300","1545"
"2198","12","1243"
"2199","182","430"
"2200","157","881"
"2201","34","448"
"2202","49","338"
"2203","232","1287"
"2204","65","1912"
"2205","254","646"
"2206","225","1761"
"2207","79","1000"
"2208","129","1006"
"2209","174","1452"
"2210","268","1481"
"2211","114","1587"
"2212","22","738"
"2213","261","540"
"2214","201","1665"
"2215","273","1331"
"2216","49","628"
"2217","66","1032"
"2218","71","297"
"2219","32","1912"
"2220","174","398"
"2221","22","55"
"2222","250","964"
"2223","39","1174"
"2224","268","103"
"2225","71","1287"
"2226","238","1153"
"2227","69","1153"
"2228","132","165"
"2229","154","730"
"2230","66","1805"
"2231","239","1869"
"2232","189","87"
"2233","168","211"
"2234","51","1278"
"2235","56","627"
"2236","157","1188"
"2237","187","369"
"2238","3","1345"
"2239","243","829"
"2240","207","1296"
"2241","109","187"
"2242","213","1750"
"2243","136","1932"
"2244","248","884"
"2245","252","1816"
"2246","192","297"
"2247","219","1658"
"2248","105","1560"
"2249","217","1286"
"2250","98","548"
"2251","36","1657"
"2252","70","952"
"2253","164","743"
"2254","149","1638"
"2255","230","703"
"2256","125","332"
"2257","236","1998"
"2258","65","1443"
"2259","174","1645"
"2260","112","1018"
"2261","79","198"
"2262","274","1200"
"2263","227","1493"
"2264","162","356"
"2265","44","1353"
"2266","161","334"
"2267","139","1915"
"2268","182","1356"
"2269","59","230"
"2270","193","659"
"2271","167","634"
"2272","170","1753"
"2273","0","387"
"2274","154","1309"
"2275","95","347"
"2276","285","325"
"2277","243","1963"
"2278","123","162"
"2279","268","1833"
"2280","132","1836"
"2281","54","104"
"2282","193","1524"
"2283","45","800"
"2284","237","992"
"2285","72","1447"
"2286","72","118"
"2287","57","309"
"2288","61","1709"
"2289","206","1244"
"2290","48","576"
"2291","41","1181"
"2292","297","204"
"2293","111","1747"
"2294","154","1730"
"2295","206","1847"
"2296","88","1087"
"2297","231","1439"
"2298","136","1564"
"2299","172","1283"
"2300","89","1324"
"2301","206","534"
"2302","90","1876"
"2303","82","1689"
"2304","43","432"
"2305","266","1672"
"2306","183","1383"
"2307","233","1779"
"2308","46","679"
"2309","264","869"
"2310","154","939"
"2311","28","286"
"2312","178","359"
"2313","255","463"
"2314","118","133"
"2315","64","1875"
"2316","225","889"
"2317","50","738"
"2318","115","247"
"2319","165","274"
"2320","102","485"
"2321","280","644"
"2322","254","1762"
"2323","175","1207"
"2324","246","1846"
"2325","258","1357"
"2326","138","1584"
"2327","151","37"
"2328","92","556"
"2329","100","1024"
"2330","280","1452"
"2331","56","638"
"2332","225","356"
"2333","56","99"
"2334","233","1085"
"2335","270","1149"
"2336","288","1119"
"2337","192","1782"
"2338","214","650"
"2339","172","464"
"2340","169","1012"
"2341","74","1064"
"2342","13","1997"
"2343","246","1650"
"2344","71","2"
"2345","43","1150"
"2346","9","1745"
"2347","70","1566"
"2348","56","112"
"2349","164","1858"
"2350","159","1367"
"2351","99","1568"
"2352","32","1382"
"2353","24","1553"
"2354","117","1499"
"2355","90","1832"
"2356","184","1956"
"2357","196","1330"
"2358","271","1268"
"2359","188","1834"
"2360","214","429"
"2361","200","1473"
"2362","20","1221"
"2363","114","1165"
"2364","3","1814"
"2365","228","1511"
"2366","5","849"
"2367","78","1588"
"2368","102","129"
"2369","296","1302"
"2370","66","1907"
"2371","162","1536"
"2372","143","1808"
"2373","150","1591"
"2374","231","700"
"2375","268","846"
"2376","251","675"
"2377","136","1057"
"2378","155","908"
"2379","273","680"
"2380","205","1373"
"2381","171","1904"
"2382","206","1832"
"2383","143","1901"
"2384","7","438"
"2385","239","1541"
"2386","152","825"
"2387","219","1514"
"2388","66","1882"
"2389","91","977"
"2390","97","1947"
"2391","87","1279"
"2392","98","159"
"2393","138","1029"
"2394","259","335"
"2395","300","1750"
"2396","94","1354"
"2397","248","248"
"2398","246","1918"
"2399","127","888"
"2400","94","238"
"2401","27","1056"
"2402","19","1439"
"2403","46","1616"
"2404","48","1808"
"2405","70","301"
"2406","288","429"
"2407","183","749"
"2408","51","196"
"2409","192","1000"
"2410","64","687"
"2411","293","1824"
"2412","267","416"
"2413","114","1563"
"2414","291","909"
"2415","146","195"
"2416","71","856"
"2417","48","1534"
"2418","96","1926"
"2419","66","364"
"2420","136","564"
"2421","166","346"
"2422","228","1455"
"2423","172","1118"
"2424","51","1545"
"2425","46","811"
"2426","5","127"
"2427","96","703"
"2428","222","1811"
"2429","127","1643"
"2430","169","1896"
"2431","218","1206"
"2432","63","672"
"2433","33","986"
"2434","252","608"
"2435","125","785"
"2436","30","706"
"2437","169","346"
"2438","45","1147"
"2439","141","1932"
"2440","234","12"
"2441","81","1753"
"2442","72","1504"
"2443","285","1161"
"2444","172","1392"
"2445","232","1729"
"2446","34","1620"
"2447","199","1677"
"2448","139","958"
"2449","145","59"
"2450","207","1758"
"2451","12","1656"
"2452","233","1661"
"2453","56","269"
"2454","153","674"
"2455","152","1242"
"2456","79","1001"
"2457","227","14"
"2458","166","1858"
"2459","79","848"
"2460","13","611"
"2461","91","1949"
"2462","295","1653"
"2463","80","160"
"2464","215","1770"
"2465","262","1768"
"2466","231","1781"
"2467","273","1314"
"2468","70","1858"
"2469","215","1682"
"2470","173","270"
"2471","287","736"
"2472","86","1665"
"2473","42","190"
"2474","124","230"
"2475","103","979"
"2476","98","56"
"2477","192","675"
"2478","135","727"
"2479","129","907"
"2480","265","1535"
"2481","19","638"
"2482","228","887"
"2483","114","1794"
"2484","242","30"
"2485","267","1678"
"2486","202","1461"
"2487","172","439"
"2488","288","714"
"2489","150","1640"
"2490","83","362"
"2491","143","408"
"2492","60","721"
"2493","193","316"
"2494","154","1662"
"2495","130","1455"
"2496","85","1771"
"2497","207","56"
"2498","39","1686"
"2499","95","1897"
